[
  {
    "id": 1767801227267,
    "brand": "wef",
    "type": "EV",
    "price": "9000"
  },
  {
    "id": 1767801242657,
    "brand": "tyu",
    "type": "EV",
    "price": "100000"
  },
  {
    "id": 1768198218758,
    "brand": "u",
    "type": "75",
    "price": "8567"
  },
  {
    "id": 1768198564526,
    "brand": "7868",
    "type": "6786",
    "price": "678"
  },
  {
    "id": 1768199148988,
    "brand": " vh",
    "type": "ghj",
    "price": "1243"
  },
  {
    "id": 1768199252170,
    "brand": "24",
    "type": "234",
    "price": "234"
  }
]